BUDDY BOY,4012 West 38th Avenue,Denver,CO,80212,2016-11-14 01:00:00,2016-11-14 01:00:00
1:11,17034 Highway 17,Moffat,CO,81143,2016-11-14 01:00:01,2016-11-14 01:00:01
LODO WELLNESS CENTER,"1617 Wazee Street, Unit B",Denver,CO,80202,2016-11-14 01:00:02,2016-11-14 01:00:02
3D CANNABIS CENTER,248 East US Highway 50,Salida,CO,81201,2016-11-14 01:00:03,2016-11-14 01:00:03
MINDFUL,6403 North Jackson Gap Street,Aurora,CO,80019,2016-11-14 01:00:04,2016-11-14 01:00:04
MINDFUL,1401 Peoria Street,Aurora,CO,80011,2016-11-14 01:00:05,2016-11-14 01:00:05
420 GREEN GENIE INC,106 East 4th Avenue,Antonito,CO,81120,2016-11-14 01:00:06,2016-11-14 01:00:06
THE CLINIC ON COLFAX,4625 East Colfax Avenue,Denver,CO,80220,2016-11-14 01:00:07,2016-11-14 01:00:07
PURE MEDICAL DISPENSARY,505 West 40th Avenue,Denver,CO,80216,2016-11-14 01:00:08,2016-11-14 01:00:08
THE SANCTUARY,5110 Race Street,Denver,CO,80216,2016-11-14 01:00:09,2016-11-14 01:00:09
1859,231 Gregory Street,Black Hawk,CO,80422,2016-11-14 01:00:10,2016-11-14 01:00:10
A CUT OFF THE TOP MEDICAL MARIJUANA LLC,2059 West 9th Avenue,Denver,CO,80204,2016-11-14 01:00:11,2016-11-14 01:00:11
HERBAN UNDERGROUND,"70 Broadway, Suite 50",Denver,CO,80203,2016-11-14 01:00:12,2016-11-14 01:00:12
HIGH VALLEY RETAIL CANNABIS,60250 County Road T,Moffat,CO,81143,2016-11-14 01:00:13,2016-11-14 01:00:13
HIGH VALLEY ANTONITO RETAIL CANNABIS,315 Main Street,Antonito,CO,81120,2016-11-14 01:00:14,2016-11-14 01:00:14
ACES PLACE LLC,"1101 Academy Court, Unit 4",Fort Collins,CO,80524,2016-11-14 01:00:15,2016-11-14 01:00:15
ACME DISPENSARY INC,"309 Belleview Avenue, Unit 1A",Crested Butte,CO,81224,2016-11-14 01:00:16,2016-11-14 01:00:16
ACME HEALING CENTER OF CARBONDALE LLC,958 Highway 133,Carbondale,CO,81623,2016-11-14 01:00:17,2016-11-14 01:00:17
ACME HEALING CENTER OF GUNNISON LLC,620 South 9th Street,Gunnison,CO,81230,2016-11-14 01:00:18,2016-11-14 01:00:18
ACME HEALING CENTER OF RIDGWAY LLC,157 Highway 550 Suite B,Ridgway,CO,81432,2016-11-14 01:00:19,2016-11-14 01:00:19
ACME HEALING CENTER OF SILVERTON LLC,1330 Greene Street,Silverton,CO,81433,2016-11-14 01:00:20,2016-11-14 01:00:20
ADVANCED MEDICAL ALTERNATIVES LLC,1269 Elati Street,Denver,CO,80204,2016-11-14 01:00:21,2016-11-14 01:00:21
STRAWBERRY FIELDS,116 Santa Fe Trail Drive,Trinidad,CO,81082,2016-11-14 01:00:22,2016-11-14 01:00:22
NATURAL SELECTIONS,920 West 104th Avenue,Northglenn,CO,80234,2016-11-14 01:00:23,2016-11-14 01:00:23
SWEET LEAF,"15200 East 6th Avenue, Unit 1",Aurora,CO,80011,2016-11-14 01:00:24,2016-11-14 01:00:24
THE DAB BY NEXT HARVEST,2748 West Alameda Avenue,Denver,CO,80219,2016-11-14 01:00:25,2016-11-14 01:00:25
ALPENGLOW BOTANICALS LLC,"1805 Airport Road, Units B1B & B1C",Breckenridge,CO,80424,2016-11-14 01:00:26,2016-11-14 01:00:26
ALPENGLOW BOTANICALS,765 W Anemone Trail  Unit C,Dillon,CO,80435,2016-11-14 01:00:27,2016-11-14 01:00:27
FROSTED LEAF,445 Federal Boulevard,Denver,CO,80204,2016-11-14 01:00:28,2016-11-14 01:00:28
ALPINE WELLNESS,"300 West Colorado Avenue, Unit 2C, Suites B-H",Telluride,CO,81435,2016-11-14 01:00:29,2016-11-14 01:00:29
ROCKY MOUNTAIN ORGANICS,5312 Hwy 119 Unit B,Black Hawk,CO,80422,2016-11-14 01:00:30,2016-11-14 01:00:30
ROCKY MOUNTAIN ORGANICS,161 Gregory Street,Central City,CO,80427,2016-11-14 01:00:31,2016-11-14 01:00:31
ALTERNATIVE MEDICINE ON CAPITOL HILL LLC,1301 Marion Street,Denver,CO,80218,2016-11-14 01:00:32,2016-11-14 01:00:32
NATIVE ROOTS APOTHECARY,"910 16th Street, Suite 805",Denver,CO,80202,2016-11-14 01:00:33,2016-11-14 01:00:33
NATURE'S HERBS AND WELLNESS DTC,"3435 South Yosemite Street, Suite 200",Denver,CO,80231,2016-11-14 01:00:34,2016-11-14 01:00:34
DENVER CLONE STORE,"755 South Federal Boulevard, Unit 5",Denver,CO,80219,2016-11-14 01:00:35,2016-11-14 01:00:35
DENVER CLONE STORE,4571 Ivy Street,Denver,CO,80216,2016-11-14 01:00:36,2016-11-14 01:00:36
LEAF ON THE MESA,1917 Santa Fe Drive,Pueblo,CO,81006,2016-11-14 01:00:37,2016-11-14 01:00:37
GREEN TREE MEDICINALS,12626 North 107 Street,Longmont,CO,80504,2016-11-14 01:00:38,2016-11-14 01:00:38
ANIMAS HERBAL WELLNESS CENTER INC,"1111 Camino Del Rio, Suite 5",Durango,CO,81301,2016-11-14 01:00:39,2016-11-14 01:00:39
ANNIE'S DISPENSARY,135 Nevada Street,Central City,CO,80427,2016-11-14 01:00:40,2016-11-14 01:00:40
HARVEST HOUSE,211 Highway 119,Nederland,CO,80466,2016-11-14 01:00:41,2016-11-14 01:00:41
TERRAPIN CARE STATION,"11091 East Mississippi Avenue, Suite B",Aurora,CO,80012,2016-11-14 01:00:42,2016-11-14 01:00:42
TERRAPIN CARE STATION,"11900 East 33rd Avenue, Suite 1",Aurora,CO,80010,2016-11-14 01:00:43,2016-11-14 01:00:43
SERGEANT GREEN LEAF,1410 Argentine Street,Georgetown,CO,80444,2016-11-14 01:00:44,2016-11-14 01:00:44
ASCEND II,3555 South Yosemite Street,Denver,CO,80237,2016-11-14 01:00:45,2016-11-14 01:00:45
BACK TO THE GARDEN HEALTH & WELLNESS CENTER LLC,1755 South Broadway,Denver,CO,80210,2016-11-14 01:00:46,2016-11-14 01:00:46
BALLPARK HOLISTIC DISPENSARY,"2119 Larimer Street, Suite 1",Denver,CO,80205,2016-11-14 01:00:47,2016-11-14 01:00:47
CHRONIC THERAPY,10030 West 27th Avenue,Wheat Ridge,CO,80215,2016-11-14 01:00:48,2016-11-14 01:00:48
BELEAF WELLNESS CENTER LLC,327 Main Street,San Luis,CO,81152,2016-11-14 01:00:49,2016-11-14 01:00:49
TRU CANNABIS BERKELEY,4103 Sheridan Boulevard,Denver,CO,80212,2016-11-14 01:00:50,2016-11-14 01:00:50
BEST BUDS INC,811 North Main Street,Gunnison,CO,81230,2016-11-14 01:00:51,2016-11-14 01:00:51
LIVWELL,432 South Broadway,Denver,CO,80209,2016-11-14 01:00:52,2016-11-14 01:00:52
DRIFT,"1750 30th Street, Unit 12",Boulder,CO,80301,2016-11-14 01:00:53,2016-11-14 01:00:53
FINE TREES,5353 Joliet Street,Denver,CO,80239,2016-11-14 01:00:54,2016-11-14 01:00:54
HERBAL BLISS,"842 North Summit Boulevard, Suite 13",Frisco,CO,80443,2016-11-14 01:00:55,2016-11-14 01:00:55
THE HERBAL CENTER,12005 East 37th Avenue,Denver,CO,80239,2016-11-14 01:00:56,2016-11-14 01:00:56
THE HERBAL CENTER,1909 South Broadway,Denver,CO,80210,2016-11-14 01:00:57,2016-11-14 01:00:57
URBA CRESTED BUTTE,"310 North Belleview Avenue, Unit 2",Crested Butte,CO,81224,2016-11-14 01:00:58,2016-11-14 01:00:58
B GOOD,"11450 Cherokee Street, Unit A6",Northglenn,CO,80234,2016-11-14 01:00:59,2016-11-14 01:00:59
BOTANICO INC,3054 Larimer Street,Denver,CO,80205,2016-11-14 01:00:47,2016-11-14 01:00:47
THE GREEN ROOM,"2750 Glenwood Drive, Suite 8",Boulder,CO,80304,2016-11-14 01:00:48,2016-11-14 01:00:48
NATIVE ROOTS BOULDER,1146 Pearl Street,Boulder,CO,80302,2016-11-14 01:00:49,2016-11-14 01:00:49
BOULDER WELLNESS CENTER LLC,"5420 Arapahoe Avenue, Unit E",Boulder,CO,80303,2016-11-14 01:00:50,2016-11-14 01:00:50
GREEN DRAGON COLORADO,"1795 Airport Road, Unit A3",Breckenridge,CO,80424,2016-11-14 01:00:51,2016-11-14 01:00:51
BRECKENRIDGE ORGANIC THERAPY LLC,"1900 Airport Road, Unit A-1",Breckenridge,CO,80424,2016-11-14 01:00:52,2016-11-14 01:00:52
BUD HUT INC,"973 U.S. Highway 85 87, Suite 100",Walsenburg,CO,81089,2016-11-14 01:00:53,2016-11-14 01:00:53
LIVE GREEN CANNABIS,2517 Sheridan Boulevard,Edgewater,CO,80214,2016-11-14 01:00:54,2016-11-14 01:00:54
BUDS LTD,104 Cardinal Way,Parachute,CO,81635,2016-11-14 01:00:55,2016-11-14 01:00:55
THE STATION,3005 28th Street,Boulder,CO,80301,2016-11-14 01:00:56,2016-11-14 01:00:56
PURE INTENTIONS WELLNESS CENTER,2565 North Interstate 25,Pueblo,CO,81008,2016-11-14 01:00:57,2016-11-14 01:00:57
CANNACO,3019 Toupal Drive,Trinidad,CO,81082,2016-11-14 01:00:58,2016-11-14 01:00:58
SMOKEYS,2515 7th Avenue,Garden City,CO,80631,2016-11-14 01:00:59,2016-11-14 01:00:59
THE JOINT BY CANNABIS,4735 West 38th Avenue,Denver,CO,80212,2016-11-14 01:00:47,2016-11-14 01:00:47
PIG N' WHISTLE,4801 West Colfax Avenue,Denver,CO,80204,2016-11-14 01:00:48,2016-11-14 01:00:48
GREEN DRAGON COLORADO,930 West Byers Place,Denver,CO,80223,2016-11-14 01:00:49,2016-11-14 01:00:49
CAREGIVERS FOR LIFE LLC,310 Saint Paul Street,Denver,CO,80206,2016-11-14 01:00:50,2016-11-14 01:00:50
THE HAPPY CAMPER CANNABIS COMPANY,80 Rosalie Road,Bailey,CO,80421,2016-11-14 01:00:51,2016-11-14 01:00:51
CROSS GENETICS,"4902 East Smith Road, Unit C",Denver,CO,80216,2016-11-14 01:00:52,2016-11-14 01:00:52
GROUNDSWELL,3121 East Colfax Avenue,Denver,CO,80206,2016-11-14 01:00:53,2016-11-14 01:00:53
CHOICE ORGANICS INC,"813 Smithfield Drive, Units C & D",Fort Collins,CO,80524,2016-11-14 01:00:54,2016-11-14 01:00:54
STARBUDS,1640 East Evans Avenue,Denver,CO,80210,2016-11-14 01:00:55,2016-11-14 01:00:55
SACRED SEED,5885 East Evans Avenue,Denver,CO,80222,2016-11-14 01:00:56,2016-11-14 01:00:56
CMED LLC,"615 Buggy Circle, Unit D",Carbondale,CO,81623,2016-11-14 01:00:57,2016-11-14 01:00:57
THE GREEN DEPOT,2020 South Broadway,Denver,CO,80210,2016-11-14 01:00:58,2016-11-14 01:00:58
COLORADO BEST BUDZ LLC,"23344 Highway 50 East, Unit B",Pueblo,CO,81006,2016-11-14 01:00:59,2016-11-14 01:00:59
THE SPRING,15 Colorado Boulevard,Idaho Springs,CO,80452,2016-11-14 01:00:47,2016-11-14 01:00:47
THE SPOT,748 East Industrial Boulevard,Pueblo West,CO,81007,2016-11-14 01:00:48,2016-11-14 01:00:48
THE SPOT,453 North Commercial Street,Trinidad,CO,81082,2016-11-14 01:00:49,2016-11-14 01:00:49
PURE MEDICAL DISPENSARY,1133 Bannock  Street,Denver,CO,80204,2016-11-14 01:00:50,2016-11-14 01:00:50
TRU CANNABIS COLFAX,5130 East Colfax Avenue,Denver,CO,80220,2016-11-14 01:00:51,2016-11-14 01:00:51
NATURES NUGS,893 East Enterprise Drive,Pueblo West,CO,81007,2016-11-14 01:00:52,2016-11-14 01:00:52
LIGHTSHADE,11975 East 40th Avenue,Denver,CO,80239,2016-11-14 01:00:53,2016-11-14 01:00:53
HEADQUARTERS CANNABIS CO,537 Canyon Boulevard,Boulder,CO,80302,2016-11-14 01:00:54,2016-11-14 01:00:54
HEADQUARTERS,4497 Ute Highway,Longmont,CO,80503,2016-11-14 01:00:55,2016-11-14 01:00:55
STARBUDS,4690 Brighton Boulevard,Denver,CO,80216,2016-11-14 01:00:56,2016-11-14 01:00:56
VILLAGE GREEN SOCIETY,2043 16th Street,Boulder,CO,80302,2016-11-14 01:00:57,2016-11-14 01:00:57
THE ORIGINAL LEAF,"555 East Durant Street, Unit 2E",Aspen,CO,81611,2016-11-14 01:00:58,2016-11-14 01:00:58
DOCTOR'S GARDEN,"580 Main Street, Suite 300",Carbondale,CO,81623,2016-11-14 01:00:54,2016-11-14 01:00:54
COLORADO WELLNESS INC,2057 South Broadway,Denver,CO,80210,2016-11-14 01:00:55,2016-11-14 01:00:55
LACONTES CLONE BAR & DISPENSARY,5194 Washington Street,Denver,CO,80216,2016-11-14 01:00:56,2016-11-14 01:00:56
LACONTES CLONE BAR & DISPENSARY,105 East 7th Avenue,Denver,CO,80203,2016-11-14 01:00:57,2016-11-14 01:00:57
CANNABIS STATION,1201 20th St,Denver,CO,80202,2016-11-14 01:00:58,2016-11-14 01:00:58
ROCKY MOUNTAIN HIGH,1233 West Alameda Avenue,Denver,CO,80223,2016-11-14 01:00:59,2016-11-14 01:00:59
ROCKY MOUNTAIN HIGH,1538 Wazee Street Suit 100,Denver,CO,80202,2016-11-14 01:00:47,2016-11-14 01:00:47
AJOYA,"1100 West Dillon Road, Unit D-3",Louisville,CO,80027,2016-11-14 01:00:48,2016-11-14 01:00:48
SILVERPEAK APOTHECARY,"520 East Cooper Avenue, Unit LL2 & LL3",Aspen,CO,81611,2016-11-14 01:00:49,2016-11-14 01:00:49
BACKCOUNTRY CANNABIS COMPANY,"329 Belleview Avenue, Unit A",Crested Butte,CO,81224,2016-11-14 01:00:50,2016-11-14 01:00:50
BOULDER BOTANICS,"1750 30th Street, Unit 7",Boulder,CO,80301,2016-11-14 01:00:51,2016-11-14 01:00:51
GARO DEPOT,37671 Highway 9,Fairplay,CO,80440,2016-11-14 01:00:52,2016-11-14 01:00:52
RIVERROCK,"990 West 6th Avenue, #5",Denver,CO,80204,2016-11-14 01:00:53,2016-11-14 01:00:53
SOUTHWEST ALTERNATIVE CARE FOX ST,1075 South Fox Street,Denver,CO,80223,2016-11-14 01:00:54,2016-11-14 01:00:54
GOLDEN LEAF,1755 Lincoln Avenue,Steamboat Springs,CO,80487,2016-11-14 01:00:55,2016-11-14 01:00:55
SEDGWICK ALTERNATIVE RELIEF,107 Main Avenue,Sedgwick,CO,80749,2016-11-14 01:00:56,2016-11-14 01:00:56
THE HERBAL ALTERNATIVE,1531 North Lebanon Road,Cortez,CO,81321,2016-11-14 01:00:57,2016-11-14 01:00:57
GOOD EARTH MEDS,"600 Cloman Boulevard, Suite 1 & 2",Pagosa Springs,CO,81147,2016-11-14 01:00:54,2016-11-14 01:00:54
DELILAH LLC,115 West Colorado Avenue,Telluride,CO,81435,2016-11-14 01:00:55,2016-11-14 01:00:55
REEFER MADNESS,"4401 East 46th Avenue, Suite B",Denver,CO,80216,2016-11-14 01:00:56,2016-11-14 01:00:56
DENCO LLC,"3480 Park Ave West, Unit B",Denver,CO,80216,2016-11-14 01:00:57,2016-11-14 01:00:57
DENCO LLC,5155 East 46th Avenue,Denver,CO,80216,2016-11-14 01:00:58,2016-11-14 01:00:58
DENVER DISPENSARY,4975 Vasquez Boulevard,Denver,CO,80216,2016-11-14 01:00:54,2016-11-14 01:00:54
SANTE,2070 South Huron Street,Denver,CO,80223,2016-11-14 01:00:55,2016-11-14 01:00:55
LIVWELL,"2863 Larimer Street, Suite B",Denver,CO,80205,2016-11-14 01:00:56,2016-11-14 01:00:56
LUCKY MONKEY BUDS,137 Cedar Street,Trinidad,CO,81082,2016-11-14 01:00:57,2016-11-14 01:00:57
SWEET LEAF,2647 West 38th Avenue,Denver,CO,80211,2016-11-14 01:00:58,2016-11-14 01:00:58
SWEET LEAF,2609 Walnut Street,Denver,CO,80205,2016-11-14 01:00:59,2016-11-14 01:00:59
THE KIND ROOM,1881 South Broadway,Denver,CO,80210,2016-11-14 01:00:47,2016-11-14 01:00:47
HIGH LEVEL HEALTH,2028 East Colfax Avenue,Denver,CO,80206,2016-11-14 01:00:48,2016-11-14 01:00:48
HIGH LEVEL HEALTH,970 Lincoln Street,Denver,CO,80203,2016-11-14 01:00:49,2016-11-14 01:00:49
DENVER KUSH CLUB,2615 Welton Street,Denver,CO,80205,2016-11-14 01:00:50,2016-11-14 01:00:50
DOCTORS ORDERS,1406 West 38th Avenue,Denver,CO,80211,2016-11-14 01:00:51,2016-11-14 01:00:51
DURANGO REC ROOM ,"145 East College Drive, Units 1, 2, 3, 4 & 5",Durango,CO,81301,2016-11-14 01:00:52,2016-11-14 01:00:52
ROCKY MOUNTAIN HIGH,120 East 36th Street,Durango,CO,81301,2016-11-14 01:00:53,2016-11-14 01:00:53
ACME HEALING CENTER,1644 County Road 203,Durango,CO,81301,2016-11-14 01:00:54,2016-11-14 01:00:54
DURANGO ORGANICS,"72 Suttle Street, Unit G",Durango,CO,81303,2016-11-14 01:00:55,2016-11-14 01:00:55
DO CORTEZ LLP,1104 East Main Street,Cortez,CO,81321,2016-11-14 01:00:56,2016-11-14 01:00:56
NATURES MEDICINE SALIDA,"230 West 16th Street,  Suite C",Salida,CO,81201,2016-11-14 01:00:57,2016-11-14 01:00:57
ELITE ORGANICS,"804 South College Avenue, Suite C",Fort Collins,CO,80524,2016-11-14 01:00:54,2016-11-14 01:00:54
ELK MOUNTAIN TRADING POST LLC,170 East 3rd Street,De Beque,CO,81630,2016-11-14 01:00:55,2016-11-14 01:00:55
EMERALD CITY,520 Nevada Avenue,Trinidad,CO,81082,2016-11-14 01:00:56,2016-11-14 01:00:56
CHAMPION CANNABIS,82 South Federal Boulevard,Denver,CO,80219,2016-11-14 01:00:57,2016-11-14 01:00:57
FARAGOSI FARMS,118 Santa Fe Trail,Trinidad,CO,81082,2016-11-14 01:00:58,2016-11-14 01:00:58
FIDDLERS GREEN LLC,402 Palomino Trail,Ridgway,CO,81432,2016-11-14 01:00:59,2016-11-14 01:00:59
FIPG LLC,67 North Silicon # 130,Pueblo West,CO,81007,2016-11-14 01:00:47,2016-11-14 01:00:47
FLOWER POWER BOTANICALS LLC,1308-1310 Duff Drive,Fort Collins,CO,80524,2016-11-14 01:00:48,2016-11-14 01:00:48
FOX CANNABIS,4773 North Fox Street,Denver,CO,80216,2016-11-14 01:00:49,2016-11-14 01:00:49
FREEDOM ROAD,2600 Freedom Road,Trinidad,CO,81082,2016-11-14 01:00:50,2016-11-14 01:00:50
FREEDOM ROAD,514 West Main Street,Trinidad,CO,81082,2016-11-14 01:00:51,2016-11-14 01:00:51
FRESH BAKED,2539 Pearl Street,Boulder,CO,80302,2016-11-14 01:00:52,2016-11-14 01:00:52
MEDICINE MAN,4750 Nome Street,Denver,CO,80239,2016-11-14 01:00:53,2016-11-14 01:00:53
MEDICINE MAN,1901 South Havana Street,Aurora,CO,80014,2016-11-14 01:00:54,2016-11-14 01:00:54
GANJA GOURMET,1810 South Broadway,Denver,CO,80210,2016-11-14 01:00:55,2016-11-14 01:00:55
STRAWBERRY FIELDS,4116 Nature Center Road,Pueblo,CO,81003,2016-11-14 01:00:56,2016-11-14 01:00:56
REDEYE RELEAF,1410 South Santa Fe Drive,Denver,CO,80223,2016-11-14 01:00:57,2016-11-14 01:00:57
GREEN WORLD,401 4th Avenue,Fort Garland,CO,81133,2016-11-14 01:00:54,2016-11-14 01:00:54
GREEN MAN CANNABIS,"1355 Santa Fe Drive, Suite F",Denver,CO,80204,2016-11-14 01:00:55,2016-11-14 01:00:55
GREEN MAN CANNABIS,7289 East Hampden Avenue,Denver,CO,80224,2016-11-14 01:00:56,2016-11-14 01:00:56
"GM ENTERPRISE, INC.",4620 Peoria Street,Denver,CO,80239,2016-11-14 01:00:57,2016-11-14 01:00:57
GOLDEN NUGGET DISPENSARY LLC,127 Main Street,Central City,CO,80427,2016-11-14 01:00:58,2016-11-14 01:00:58
GOLDEN MEDS INC,"970 South Oneida Street, Unit 15",Denver,CO,80224,2016-11-14 01:00:59,2016-11-14 01:00:59
THE TUMBLEWEED DISPENSARY,"150 South Columbine Court, Unit 100",Parachute,CO,81635,2016-11-14 01:00:47,2016-11-14 01:00:47
TUMBLEWEED EXPRESS,258 South Rail Road,Parachute,CO,81635,2016-11-14 01:00:48,2016-11-14 01:00:48
GREEN DRAGON COLORADO,1420 Devereux Road,Glenwood Springs,CO,81601,2016-11-14 01:00:49,2016-11-14 01:00:49
ASPEN GREEN DRAGON,409 East Hyman Avenue,Aspen,CO,81611,2016-11-14 01:00:50,2016-11-14 01:00:50
GREENFIELDS,1798 West Mississippi Avenue,Denver,CO,80223,2016-11-14 01:00:51,2016-11-14 01:00:51
GREEN GRASS LLC,440 Lawrence Street,Central City,CO,80427,2016-11-14 01:00:52,2016-11-14 01:00:52
GREEN HEART LTD,19005 East Quincy Avenue,Aurora,CO,80015,2016-11-14 01:00:53,2016-11-14 01:00:53
LIVWELL,3955 Oneida Street,Denver,CO,80207,2016-11-14 01:00:54,2016-11-14 01:00:54
LIVWELL,"3980 Franklin Street, Unit 101",Denver,CO,80202,2016-11-14 01:00:55,2016-11-14 01:00:55
LIVWELL,1660 Pearl Street,Denver,CO,80203,2016-11-14 01:00:56,2016-11-14 01:00:56
LIVWELL,4540 Highway 6 & 24,De Beque,CO,81630,2016-11-14 01:00:57,2016-11-14 01:00:57
THE BEACON,1819 East Main Street,Cortez,CO,81321,2016-11-14 01:00:54,2016-11-14 01:00:54
THE BEACON,449 Railroad Avenue,Mancos,CO,81328,2016-11-14 01:00:55,2016-11-14 01:00:55
GREEN TREE MEDICINALS,"10575 Melody Drive, Suite 102",Northglenn,CO,80234,2016-11-14 01:00:56,2016-11-14 01:00:56
INFINITE WELLNESS CENTER,900 North College Avenue,Fort Collins,CO,80524,2016-11-14 01:00:57,2016-11-14 01:00:57
SMOKEY'S,"5740 South College Avenue, Unit C",Fort Collins,CO,80525,2016-11-14 01:00:58,2016-11-14 01:00:58
THE GREEN JOINT,1030 Grand Avenue,Glenwood Springs,CO,81601,2016-11-14 01:00:59,2016-11-14 01:00:59
THE GREENERY,"208 Parker Avenue, Suite E",Durango,CO,81303,2016-11-14 01:00:47,2016-11-14 01:00:47
GREEN WORLD EXPRESS,5320 US Highway 285,Antonito,CO,81120,2016-11-14 01:00:48,2016-11-14 01:00:48
GREEN DRAGON COLORADO,5840 West 25th Avenue,Edgewater,CO,80214,2016-11-14 01:00:49,2016-11-14 01:00:49
GREEN DRAGON COLORADO,2922 South Glen Avenue,Glenwood Springs,CO,81601,2016-11-14 01:00:50,2016-11-14 01:00:50
GREEN DRAGON COLORADO,19151 East Quincy Avenue,Aurora,CO,80013,2016-11-14 01:00:51,2016-11-14 01:00:51
GROWHOUSE FRASER,"511 Zerex Street, Suite 203",Fraser,CO,80482,2016-11-14 01:00:52,2016-11-14 01:00:52
ROCKY MOUNTAIN CANNABIS,901 West New York Avenue,Gunnison,CO,81230,2016-11-14 01:00:53,2016-11-14 01:00:53
PURE MEDICAL DISPENSARY,5702 East Colfax Avenue,Denver,CO,80220,2016-11-14 01:00:54,2016-11-14 01:00:54
THE HIGHWAY,1221 County Road 308,Dumont,CO,80436,2016-11-14 01:00:55,2016-11-14 01:00:55
HCH2 LLC,40 South Main Street,Alma,CO,80420,2016-11-14 01:00:56,2016-11-14 01:00:56
STICKY BUDS BROADWAY,2262 South Broadway,Denver,CO,80210,2016-11-14 01:00:57,2016-11-14 01:00:57
STICKY BUDS COLFAX,4615 East Colfax Avenue,Denver,CO,80220,2016-11-14 01:00:54,2016-11-14 01:00:54
GREEN DREAM CANNABIS,"6700 Lookout Road, Suite #5",Boulder,CO,80301,2016-11-14 01:00:55,2016-11-14 01:00:55
NEW BROADSTERDAM,2568 South Broadway,Denver,CO,80210,2016-11-14 01:00:56,2016-11-14 01:00:56
HERBAL HEALTH LLC,419 West 13th Avenue,Denver,CO,80204,2016-11-14 01:00:57,2016-11-14 01:00:57
SWEET LEAF,4400 East Evans Avenue,Denver,CO,80222,2016-11-14 01:00:58,2016-11-14 01:00:58
HERBAL WELLNESS,"400 West South Boulder Road, Suite 2700",Lafayette,CO,80026,2016-11-14 01:00:59,2016-11-14 01:00:59
HERITAGE ORGANICS,"78 North Precision Drive, Suite B",Pueblo West,CO,81007,2016-11-14 01:00:47,2016-11-14 01:00:47
COLORADO HARVEST COMPANY,1178 South Kalamath Street,Denver,CO,80223,2016-11-14 01:00:48,2016-11-14 01:00:48
COLORADO HARVEST COMPANY,1568 South Broadway,Denver,CO,80210,2016-11-14 01:00:49,2016-11-14 01:00:49
COLORADO HARVEST SUPPLY LLC,14655 E Arapahoe Road,Aurora,CO,80016,2016-11-14 01:00:50,2016-11-14 01:00:50
COLORADO HARVEST COMPANY,"11002 E Yale Avenue, Unit A",Aurora,CO,80014,2016-11-14 01:00:51,2016-11-14 01:00:51
HIGH STREET GROWERS LLC,330 Federal Boulevard,Denver,CO,80219,2016-11-14 01:00:52,2016-11-14 01:00:52
HIGHER FUNCTION LLC,21801 US Highway 6,Keystone,CO,80435,2016-11-14 01:00:53,2016-11-14 01:00:53
THE CLINIC HIGHLANDS,3460 West 32nd Avenue,Denver,CO,80211,2016-11-14 01:00:54,2016-11-14 01:00:54
BONFIRE CANNABIS COMPANY,8 County Road 821,Tabernash,CO,80478,2016-11-14 01:00:55,2016-11-14 01:00:55
A CUT ABOVE,1911 South Broadway,Denver,CO,80210,2016-11-14 01:00:56,2016-11-14 01:00:56
THE CLINIC ON COLORADO,2020 South Colorado Boulevard,Denver,CO,80222,2016-11-14 01:00:57,2016-11-14 01:00:57
HIGH Q,730 Main Street,Silt,CO,81652,2016-11-14 01:00:54,2016-11-14 01:00:54
IGADI,"72399 US Highway 40, Unit B",Tabernash,CO,80478,2016-11-14 01:00:55,2016-11-14 01:00:55
IGADI,171 Lawrence Street,Central City,CO,80427,2016-11-14 01:00:56,2016-11-14 01:00:56
SANTE ALTERNATIVE WELLNESS,742 1/2 Main Avenue,Durango,CO,81301,2016-11-14 01:00:57,2016-11-14 01:00:57
PAGOSA ORGANIC THERAPEUTICS,"298 Bastille Drive, Suite B1",Pagosa Springs,CO,81147,2016-11-14 01:00:58,2016-11-14 01:00:58
THE GREEN HOUSE,270 East Pagosa Street,Pagosa Springs,CO,81147,2016-11-14 01:00:59,2016-11-14 01:00:59
NATIVE ROOTS VAIL,"041290 Highway 6, Unit #B5",Avon,CO,81620,2016-11-14 01:00:47,2016-11-14 01:00:47
EARLS,115 Harrison Avenue,Leadville,CO,80461,2016-11-14 01:00:48,2016-11-14 01:00:48
DANK LLC,"3835 Elm Street, Unit C",Denver,CO,80207,2016-11-14 01:00:49,2016-11-14 01:00:49
SILVER STEM FINE CANNABIS,"3700 West Quincy Avenue, Suite 3702",Denver,CO,80236,2016-11-14 01:00:50,2016-11-14 01:00:50
STASH HOUSE,4707 Lipan Street,Denver,CO,80211,2016-11-14 01:00:51,2016-11-14 01:00:51
EUFLORA,6260 South Gun Club Road,Aurora,CO,80016,2016-11-14 01:00:52,2016-11-14 01:00:52
EUFLORA,"4343 S Buckley Road, Unit E",Aurora,CO,80015,2016-11-14 01:00:53,2016-11-14 01:00:53
EUFLORA,403 16th Street,Denver,CO,80202,2016-11-14 01:00:54,2016-11-14 01:00:54
HELPING HANDS HERBALS,"1021 Pearl Street, Suite C",Boulder,CO,80302,2016-11-14 01:00:55,2016-11-14 01:00:55
COLORADO CANNABIS CONNECTION,4550 South Kippling Street #4,Denver,CO,80127,2016-11-14 01:00:56,2016-11-14 01:00:56
STASH,"710 East Durant Ave, Unit E-1",Aspen,CO,81611,2016-11-14 01:00:57,2016-11-14 01:00:57
KARING KIND LLC,"5854 Rawhide Court, Suite C",Boulder,CO,80302,2016-11-14 01:00:54,2016-11-14 01:00:54
AMSTERDAM CAFE,"1325 South Inca Street, Suite A",Denver,CO,80223,2016-11-14 01:00:55,2016-11-14 01:00:55
BUD CELLAR,6666 East Stapleton South Drive,Denver,CO,80216,2016-11-14 01:00:56,2016-11-14 01:00:56
SILVERTON GREEN WORKS,"124 East 13th Street, Unit A",Silverton,CO,81433,2016-11-14 01:00:57,2016-11-14 01:00:57
KIND CARE OF COLORADO LLC,6617 South College Avenue,Fort Collins,CO,80525,2016-11-14 01:00:58,2016-11-14 01:00:58
KIND LOVE LLC,4380 East Alameda Avenue,Glendale,CO,80246,2016-11-14 01:00:59,2016-11-14 01:00:59
THE ALCHEMIST,108 South Mill Street Space A and Space B,Aspen,CO,81611,2016-11-14 01:00:47,2016-11-14 01:00:47
KUSH GARDENS LLC,4550 Highway 6 and 24,De Beque,CO,81630,2016-11-14 01:00:48,2016-11-14 01:00:48
3-D  CENTER,4305 Brighton Boulevard,Denver,CO,80216,2016-11-14 01:00:49,2016-11-14 01:00:49
LA CASA CANNA BIS INC,205 Main Street,San Luis,CO,81152,2016-11-14 01:00:50,2016-11-14 01:00:50
LARSEN GROUP II LLC,206 Elm Drive,Log Lane Village,CO,80705,2016-11-14 01:00:51,2016-11-14 01:00:51
THE GREEN STOP,"130 Maine Street, Unit B",Log Lane Village,CO,80705,2016-11-14 01:00:52,2016-11-14 01:00:52
L'EAGLE,380 Quivas Street,Denver,CO,80223,2016-11-14 01:00:53,2016-11-14 01:00:53
LIGHTSHADE LABS,3950 Holly Street,Denver,CO,80207,2016-11-14 01:00:54,2016-11-14 01:00:54
LIGHTSHADE,330 South Dayton Street,Denver,CO,80247,2016-11-14 01:00:55,2016-11-14 01:00:55
LIGHTSHADE,503 Havana Street,Aurora,CO,80010,2016-11-14 01:00:56,2016-11-14 01:00:56
LIGHTSHADE,1126 South Sheridan Boulevard,Denver,CO,80219,2016-11-14 01:00:57,2016-11-14 01:00:57
LIGHTSHADE,745 East 6th Avenue,Denver,CO,80216,2016-11-14 01:00:54,2016-11-14 01:00:54
LIGHTSHADE,16821 East Iliff Avenue,Aurora,CO,80014,2016-11-14 01:00:55,2016-11-14 01:00:55
PATIENTS CHOICE ON MORRISON ROAD,4000 Morrison Road,Denver,CO,80219,2016-11-14 01:00:56,2016-11-14 01:00:56
LIVWELL,"2647 8th Avenue, Unit B",Garden City,CO,80631,2016-11-14 01:00:57,2016-11-14 01:00:57
LIVWELL,1941 West Evans Avenue,Denver,CO,80223,2016-11-14 01:00:58,2016-11-14 01:00:58
LIVWELL,124 Santa Fe Trail,Trinidad,CO,81082,2016-11-14 01:00:59,2016-11-14 01:00:59
STARBUDS,"1451 Cortez, Unit A",Denver,CO,80221,2016-11-14 01:00:47,2016-11-14 01:00:47
THE HONEY CELLAR,"5290 Arapahoe Avenue, Suite J",Boulder,CO,80303,2016-11-14 01:00:48,2016-11-14 01:00:48
TUMBLEWEED,4071 Ute Highway,Lyons,CO,80540,2016-11-14 01:00:49,2016-11-14 01:00:49
M&M DISTRIBUTING LLC,422 North Commercial Street,Trinidad,CO,81082,2016-11-14 01:00:50,2016-11-14 01:00:50
MAGGIE'S FARM LLC,"74 North Component Drive, Suite 170",Pueblo West,CO,81007,2016-11-14 01:00:51,2016-11-14 01:00:51
MAGGIE'S FARM LLC,141 Manitou Avenue,Manitou Springs,CO,80829,2016-11-14 01:00:52,2016-11-14 01:00:52
HERBS 4 YOU,20 East 9th Avenue,Denver,CO,80203,2016-11-14 01:00:53,2016-11-14 01:00:53
MAGNOLIA ROAD CANNABIS CO,"1750 30th Street, Unit 84A",Boulder,CO,80301,2016-11-14 01:00:54,2016-11-14 01:00:54
MAGNOLIA ROAD CANNABIS COMPANY,413 North Commercial Street,Trinidad,CO,81082,2016-11-14 01:00:55,2016-11-14 01:00:55
MAIN STREET CANNABIS,401 West Main Street,Trinidad,CO,81082,2016-11-14 01:00:56,2016-11-14 01:00:56
MARISOL THERAPEUTICS LLC,922 East Kimble Drive,Pueblo West,CO,81007,2016-11-14 01:00:57,2016-11-14 01:00:57
MARTINS NATURAL MEDICINALS LLC,"216 6th Street, Suite A",Glenwood Springs,CO,81601,2016-11-14 01:00:54,2016-11-14 01:00:54
THE HEALTH CENTER,1736 Downing Street,Denver,CO,80218,2016-11-14 01:00:55,2016-11-14 01:00:55
BESTCOLORADOMEDS.ORG,4800 Lamar Street,Wheat Ridge,CO,80033,2016-11-14 01:00:56,2016-11-14 01:00:56
OASIS CANNABIS SUPERSTORE,5440 West 44th Avenue,Mountain View,CO,80212,2016-11-14 01:00:57,2016-11-14 01:00:57
OASIS CANNABIS SUPERSTORE,6359 East Evans Avenue,Denver,CO,80222,2016-11-14 01:00:58,2016-11-14 01:00:58
LIFE FLOWER DISPENSARY LLC,4966 Leetsdale Drive,Glendale,CO,80246,2016-11-14 01:00:59,2016-11-14 01:00:59
DOCTORS ORDERS,749 East Enterprise Drive,Pueblo West,CO,81007,2016-11-14 01:00:47,2016-11-14 01:00:47
DOCTORS ORDERS, 3321 South 1-25,Pueblo,CO,81004,2016-11-14 01:00:48,2016-11-14 01:00:48
MESA ORGANICS,30899 Highway 50 East,Pueblo,CO,81006,2016-11-14 01:00:49,2016-11-14 01:00:49
SILVER STEM FINE CANNABIS,8151 East Colfax Avenue,Denver,CO,80220,2016-11-14 01:00:50,2016-11-14 01:00:50
THE GRASS STATION,4125 Elati Street,Denver,CO,80216,2016-11-14 01:00:51,2016-11-14 01:00:51
GROWHOUSE NED,"150 North Jefferson Street, Units B3 & B7",Nederland,CO,80466,2016-11-14 01:00:52,2016-11-14 01:00:52
MIND BODY SPIRIT 2,811 County Road 308,Downieville,CO,80436,2016-11-14 01:00:53,2016-11-14 01:00:53
MILE HIGH DISPENSARY LLC,"1350 South Sheridan Boulevard, Unit 1&2",Denver,CO,80232,2016-11-14 01:00:54,2016-11-14 01:00:54
MILE HIGH GREEN CROSS LLC,852 North Broadway,Denver,CO,80203,2016-11-14 01:00:55,2016-11-14 01:00:55
STONY HILL BY TRU CANNABIS,"1630 Federal Boulevard, Unit B",Denver,CO,80204,2016-11-14 01:00:56,2016-11-14 01:00:56
MMJ AMERICA UPTOWN,2042 Arapahoe Street,Denver,CO,80205,2016-11-14 01:00:57,2016-11-14 01:00:57
ALTITUDE WEST,1568 South Federal Boulevard,Denver,CO,80219,2016-11-14 01:00:54,2016-11-14 01:00:54
MILE HIGH WELLNESS GREEN STREET,2291 South Kalamath Street,Denver,CO,80223,2016-11-14 01:00:55,2016-11-14 01:00:55
FROSTY LEAF,"500 West Highway 50, Suite 102",Gunnison,CO,81230,2016-11-14 01:00:56,2016-11-14 01:00:56
WHOLE MEDS,3450 Brighton Boulevard,Denver,CO,80216,2016-11-14 01:00:57,2016-11-14 01:00:57
BOULDER MMJ,1909 Broadway LL,Boulder,CO,80302,2016-11-14 01:00:58,2016-11-14 01:00:58
MMJ AMERICA SHERIDAN,5201 West 48th Aveune,Denver,CO,80212,2016-11-14 01:00:59,2016-11-14 01:00:59
WELLSPRING COLLECTIVE,1724 South Broadway,Denver,CO,80210,2016-11-14 01:00:47,2016-11-14 01:00:47
ALTITUDE ORGANIC CANNABIS,817 Little Beaver Trail,Dillon,CO,80435,2016-11-14 01:00:48,2016-11-14 01:00:48
MONTEM LABS,513 Main Street,Alma,CO,80420,2016-11-14 01:00:49,2016-11-14 01:00:49
MOUNTAIN MEDICINIALS RETAIL CENTER,2313 Colorado Boulevard,Idaho Springs,CO,80452,2016-11-14 01:00:50,2016-11-14 01:00:50
TRU CANNABIS AURORA,719 Billings Street,Aurora,CO,80011,2016-11-14 01:00:51,2016-11-14 01:00:51
NATURAL ALTERNATIVES FOR HEALTH LLC,6712 South College Avenue,Fort Collins,CO,80525,2016-11-14 01:00:52,2016-11-14 01:00:52
NATURAL CHOICE,"2835 Downhill Plaza, Unit 604",Steamboat Springs,CO,80487,2016-11-14 01:00:53,2016-11-14 01:00:53
NATURES BEST LLC,4601 East Mississippi Avenue,Glendale,CO,80246,2016-11-14 01:00:54,2016-11-14 01:00:54
THE COLFAX POT SHOP,1500 East Colfax Avenue,Denver,CO,80218,2016-11-14 01:00:55,2016-11-14 01:00:55
NATURES GIFT SHOP LLC,148 East Assembly Drive,Pueblo West,CO,81007,2016-11-14 01:00:56,2016-11-14 01:00:56
NATURES HERBS & WELLNESS CENTER,540  27th Street,Garden City,CO,80631,2016-11-14 01:00:57,2016-11-14 01:00:57
NATURES HERBS & WELLNESS CENTER II,17224 North Frontage Road,Log Lane Village,CO,80705,2016-11-14 01:00:54,2016-11-14 01:00:54
NEW AGE MEDICAL LLC,2553 Sheridan Boulevard,Edgewater,CO,80214,2016-11-14 01:00:55,2016-11-14 01:00:55
TUMBLEWEED DISPENSARY EDWARDS,"57 Edwards Access Road, Suite 20",Edwards,CO,81632,2016-11-14 01:00:56,2016-11-14 01:00:56
TELLURIDE BUD COMPANY,135 South Spruce Street,Telluride,CO,81435,2016-11-14 01:00:57,2016-11-14 01:00:57
TELLURIDE BUD COMPANY,"3473 Main Avenue, Units 10&11",Durango,CO,81302,2016-11-14 01:00:58,2016-11-14 01:00:58
NINE POUND HAMMER LLC,1325 South Public Road,Lafayette,CO,80026,2016-11-14 01:00:59,2016-11-14 01:00:59
THE GROVE,74 Federal Boulevard,Denver,CO,80219,2016-11-14 01:00:47,2016-11-14 01:00:47
NORTHERN LIGHTS CANNABIS CO.,2045 Sheridan Boulevard Unit B,Edgewater,CO,80214,2016-11-14 01:00:48,2016-11-14 01:00:48
THE HEALTH CENTER,2777 South Colorado Boulevard,Denver,CO,80222,2016-11-14 01:00:49,2016-11-14 01:00:49
SILVER STEM FINE CANNABIS,"1 West 1st Street, Suite 1D",Nederland,CO,80466,2016-11-14 01:00:50,2016-11-14 01:00:50
ELEMENTS,1534 55th Street,Boulder,CO,80303,2016-11-14 01:00:51,2016-11-14 01:00:51
OPTIONS,9085 West 44th Avenue,Wheat Ridge,CO,80033,2016-11-14 01:00:52,2016-11-14 01:00:52
ORGANIC ALTERNATIVES,346 East Mountain Avenue,Fort Collins,CO,80524,2016-11-14 01:00:53,2016-11-14 01:00:53
NATURAL REMEDIES,"1620 Market Street, Suite 5W",Denver,CO,80202,2016-11-14 01:00:54,2016-11-14 01:00:54
GREEN TREE MEDICINALS,"5565 Arapahoe Avenue, Suite G",Boulder,CO,80308,2016-11-14 01:00:55,2016-11-14 01:00:55
ORGANIX LLC,"1795 Airport Road, Suite A2",Breckenridge,CO,80424,2016-11-14 01:00:56,2016-11-14 01:00:56
OSIRIS LLC,2150 Devereux Road,Glenwood Springs,CO,81601,2016-11-14 01:00:57,2016-11-14 01:00:57
BDE,"520 East Cooper Avenue, Suite 202A",Aspen,CO,81611,2016-11-14 01:00:54,2016-11-14 01:00:54
THE GREEN JOINT,"315 East 1st Street, Suite A",Parachute,CO,81635,2016-11-14 01:00:55,2016-11-14 01:00:55
PATIENTS CHOICE OF COLORADO LLC,2251 South Broadway,Denver,CO,80210,2016-11-14 01:00:56,2016-11-14 01:00:56
GENERATION HEALTH,4495 Washington Street,Denver,CO,80216,2016-11-14 01:00:57,2016-11-14 01:00:57
PEAK DISPENSARY,260 Broadway,Denver,CO,80203,2016-11-14 01:00:58,2016-11-14 01:00:58
DOCS APOTHECARY,"2100 East 112th Avenue, Suite 5",Northglenn,CO,80233,2016-11-14 01:00:59,2016-11-14 01:00:59
PLATTE VALLET DISPENSARY,"2301 7th Street, Suite B",Denver,CO,80211,2016-11-14 01:00:47,2016-11-14 01:00:47
PREFERRED ORGANIC THERAPY & WELLNESS,1569 South Colorado Boulevard,Denver,CO,80222,2016-11-14 01:00:48,2016-11-14 01:00:48
PUEBLO WEST ORGANICS,"609 East Enterprise Drive, Suite 130",Pueblo West,CO,81007,2016-11-14 01:00:49,2016-11-14 01:00:49
SOMA WELLNESS CENTER,"423 Belleview Avenue, Unit 1",Crested Butte,CO,81224,2016-11-14 01:00:50,2016-11-14 01:00:50
PURE INDUSTRIES LLC,"500 West Highway 50, Unit 101",Gunnison,CO,81230,2016-11-14 01:00:51,2016-11-14 01:00:51
HOUSE OF DANKNESS,10555 E 45th Ave,Denver,CO,80239,2016-11-14 01:00:52,2016-11-14 01:00:52
EMERALD FIELDS,"4182 East Virginia Avenue, Unit C",Glendale,CO,80246,2016-11-14 01:00:53,2016-11-14 01:00:53
EMERALD FIELDS,27 Manitou Avenue,Manitou Springs,CO,80829,2016-11-14 01:00:54,2016-11-14 01:00:54
ROOTS RX,"400 East Hyman, Unit A102",Aspen,CO,81611,2016-11-14 01:00:55,2016-11-14 01:00:55
ROOTS RX,165 Southside Drive,Basalt,CO,81621,2016-11-14 01:00:56,2016-11-14 01:00:56
ROOTS RX,"0105 Edwards Village Boulevard, Ste E202",Edwards,CO,81632,2016-11-14 01:00:57,2016-11-14 01:00:57
ROOTS RX,"40690 Highway 6, Suite E-2",Avon,CO,81620,2016-11-14 01:00:54,2016-11-14 01:00:54
ROOTS RX,1198 B North Main Street,Gunnison,CO,81230,2016-11-14 01:00:55,2016-11-14 01:00:55
ROOTS RX,145 Front Street,Leadville,CO,80461,2016-11-14 01:00:56,2016-11-14 01:00:56
GREEN CROSS SILT,502 Front Street,Silt,CO,81652,2016-11-14 01:00:57,2016-11-14 01:00:57
RINO SUPPLY CO INC,3100 Blake Street,Denver,CO,80205,2016-11-14 01:00:58,2016-11-14 01:00:58
RIVERROCK,4935 York Street,Denver,CO,80216,2016-11-14 01:00:59,2016-11-14 01:00:59
NATIVE ROOTS NORTH DENVER,620 East 58th Avenue,Denver,CO,80216,2016-11-14 01:00:47,2016-11-14 01:00:47
NATIVE ROOTS ASPEN,308 South Hunter Street,Aspen,CO,81611,2016-11-14 01:00:48,2016-11-14 01:00:48
NATIVE ROOTS DILLON,850 Little Beaver Trail,Dillon,CO,80435,2016-11-14 01:00:49,2016-11-14 01:00:49
NATIVE ROOTS EDGEWATER,5610 West 20th Avenue,Edgewater,CO,80214,2016-11-14 01:00:50,2016-11-14 01:00:50
NATIVE ROOTS FRISCO,861 North Summit Boulevard,Frisco,CO,80443,2016-11-14 01:00:51,2016-11-14 01:00:51
NATIVE ROOTS HIGHLANDS,2209 West 32nd Avenue,Denver,CO,80211,2016-11-14 01:00:52,2016-11-14 01:00:52
NATIVE ROOTS LONGMONT,19 South Sunset Drive,Longmont,CO,80501,2016-11-14 01:00:53,2016-11-14 01:00:53
NATIVE ROOTS BEAR VALLEY,"3150 South Sheridan Boulvard, Unit 2",Denver,CO,80227,2016-11-14 01:00:54,2016-11-14 01:00:54
NATIVE ROOTS SANTA FE,"2645 South Santa Fe Drive, Units D & E",Denver,CO,80223,2016-11-14 01:00:55,2016-11-14 01:00:55
NATIVE ROOTS LITTLETON,7870 West Quincy Avenue,Denver,CO,80123,2016-11-14 01:00:56,2016-11-14 01:00:56
NATIVE ROOTS DENVER AIRPORT,7050 Tower Road,Denver,CO,80249,2016-11-14 01:00:57,2016-11-14 01:00:57
NATIVE ROOTS TOWER,1905 Division Street,Denver,CO,80202,2016-11-14 01:00:54,2016-11-14 01:00:54
ROCKY MOUNTAIN REMEDIES,"2730 Downhill Plaza, #106",Steamboat Springs,CO,80487,2016-11-14 01:00:55,2016-11-14 01:00:55
AFFINITY,7739 East Colfax Avenue,Denver,CO,80220,2016-11-14 01:00:56,2016-11-14 01:00:56
THE BUD DEPOT,"138 Main Street, Unit 6A",Lyons,CO,80540,2016-11-14 01:00:57,2016-11-14 01:00:57
ROCKY MOUNTAIN CANNABIS,"112 Village Square West, Suite 110",Ridgway,CO,81432,2016-11-14 01:00:58,2016-11-14 01:00:58
THE SHELTER,4095 Jackson Street,Denver,CO,80216,2016-11-14 01:00:59,2016-11-14 01:00:59
ROCKY ROAD VAIL,"40814 Highway 6, Units C & D",Avon,CO,81620,2016-11-14 01:00:47,2016-11-14 01:00:47
ROYAL RESIN,2949 West Alameda Avenue,Denver,CO,80219,2016-11-14 01:00:48,2016-11-14 01:00:48
ROCKY ROAD AURORA,1712 South Chambers Road,Aurora,CO,80017,2016-11-14 01:00:49,2016-11-14 01:00:49
SAN JUAN STRAINS INC,"356 East Pagosa Street, Unit B",Pagosa Springs,CO,81147,2016-11-14 01:00:50,2016-11-14 01:00:50
SERENE WELLNESS FRASER LLC,228 Byers Avenue,Fraser,CO,80442,2016-11-14 01:00:51,2016-11-14 01:00:51
SERENE WELLNESS LLC,13 East Park Avenue,Empire,CO,80438,2016-11-14 01:00:52,2016-11-14 01:00:52
SERENE WELLNESS WINTER PARK LLC,"79025 US Highway 40, Units 5-6",Winter Park,CO,80482,2016-11-14 01:00:53,2016-11-14 01:00:53
FROSTED LEAF,399 South Harrison Street,Denver,CO,80209,2016-11-14 01:00:54,2016-11-14 01:00:54
FROSTED LEAF,6302 East Colfax Avenue,Denver,CO,80220,2016-11-14 01:00:55,2016-11-14 01:00:55
HIGH WEST CANNABIS,"10625 East 51st Avenue, Unit 100",Denver,CO,80239,2016-11-14 01:00:56,2016-11-14 01:00:56
SIMPLY PURE,2000 West 32nd Avenue,Denver,CO,80211,2016-11-14 01:00:57,2016-11-14 01:00:57
NATURE'S SPIRIT,113 East 7th Street,Leadville,CO,80461,2016-11-14 01:00:54,2016-11-14 01:00:54
TRENCHTOWN,734 Sheridan Boulevard,Denver,CO,80214,2016-11-14 01:00:55,2016-11-14 01:00:55
THE FARM,2801 Iris Avenue,Boulder,CO,80301,2016-11-14 01:00:56,2016-11-14 01:00:56
SMOKED,2268 South Delaware Street,Denver,CO,80223,2016-11-14 01:00:57,2016-11-14 01:00:57
SMOKINGUN APOTHECARY,492 South Colorado Boulevard,Glendale,CO,80246,2016-11-14 01:00:58,2016-11-14 01:00:58
SOLACE MEDS LLC,"301 Smokey Street, Unit A",Fort Collins,CO,80525,2016-11-14 01:00:59,2016-11-14 01:00:59
SOLACE MEDS OF WHEAT RIDGE LLC,4845 Van Gordon,Wheat Ridge,CO,80033,2016-11-14 01:00:47,2016-11-14 01:00:47
SOUTHERN COLORADO CANNABIS CLUB LLC,29577 Highway 159,Fort Garland,CO,81133,2016-11-14 01:00:48,2016-11-14 01:00:48
HIGHLAND HEALTH,1505 Santa Fe Trail Drive,Trinidad,CO,81082,2016-11-14 01:00:49,2016-11-14 01:00:49
SOUTHWEST ALTERNATIVE CARE LLC,3937 West Colfax Avenue,Denver,CO,80204,2016-11-14 01:00:50,2016-11-14 01:00:50
THE DOOBIE SISTERS,695 North Broadway,Cortez,CO,81321,2016-11-14 01:00:51,2016-11-14 01:00:51
SP CARBONDALE RETAIL LLC,259 Main Street,Carbondale,CO,81623,2016-11-14 01:00:52,2016-11-14 01:00:52
STARBUDS,428 South McCulloch Boulevard,Pueblo West,CO,81007,2016-11-14 01:00:53,2016-11-14 01:00:53
STARBUDS,"1408 Del Mar Parkway, Units D1 & D2",Aurora,CO,80010,2016-11-14 01:00:54,2016-11-14 01:00:54
STARBUDS,5844 Dahlia Street,Commerce City,CO,80022,2016-11-14 01:00:55,2016-11-14 01:00:55
STARBUDS,"1156 West Dillon Road, Unit 3",Louisville,CO,80027,2016-11-14 01:00:56,2016-11-14 01:00:56
STARBUDS,6924 North 79th Street,Niwot,CO,80503,2016-11-14 01:00:57,2016-11-14 01:00:57
STARBUDS,4305 Thatcher Avenue,Pueblo,CO,81005,2016-11-14 01:00:54,2016-11-14 01:00:54
ROOTED,110 Santa Fe Trail,Trinidad,CO,81082,2016-11-14 01:00:55,2016-11-14 01:00:55
THE STONE DISPENSARY,4820 Morrison Road,Denver,CO,80219,2016-11-14 01:00:56,2016-11-14 01:00:56
DEN-REC DENVER RECREATIONAL DISPENSARY,"2117 Larimer Street, #1",Denver,CO,80205,2016-11-14 01:00:57,2016-11-14 01:00:57
SUNRISE SOLUTIONS LLC,43 Main Street,Bailey,CO,80421,2016-11-14 01:00:58,2016-11-14 01:00:58
14er HOLISTICS,"2897 Mapleton Avenue, Suite 800",Boulder,CO,80301,2016-11-14 01:00:59,2016-11-14 01:00:59
SWEET LEAF,5100 West 38th Avenue,Denver,CO,80223,2016-11-14 01:00:47,2016-11-14 01:00:47
SWEET LEAF PIONEER CARBONDALE LLC,"1101 Village Road, Suites UL-4B + 5B",Carbondale,CO,81623,2016-11-14 01:00:48,2016-11-14 01:00:48
SWEET LEAF PIONEER LLC,"1286 Chambers Avenue, Suite 101",Eagle,CO,81631,2016-11-14 01:00:49,2016-11-14 01:00:49
GOOD CHEMISTRY,330 East Colfax Avenue,Denver,CO,80203,2016-11-14 01:00:50,2016-11-14 01:00:50
GOOD CHEMISTRY,16840 East Iliff Avenue,Aurora,CO,80013,2016-11-14 01:00:51,2016-11-14 01:00:51
STRAWBERRY FIELDS,2285 North Interstate 25,Pueblo,CO,81008,2016-11-14 01:00:52,2016-11-14 01:00:52
AROMA,5433 Quebec Street,Commerce City,CO,80022,2016-11-14 01:00:53,2016-11-14 01:00:53
TELLURIDE GREEN ROOM,"250 South Fir Street, #5 & #6",Telluride,CO,81435,2016-11-14 01:00:54,2016-11-14 01:00:54
TENDERFOOT HEALTH COLLECTIVE,"840 Oak Street,  Suite A & B",Salida,CO,81201,2016-11-14 01:00:55,2016-11-14 01:00:55
TETRAHYDROCENTER,9206 East Hampden Avenue,Denver,CO,80231,2016-11-14 01:00:56,2016-11-14 01:00:56
COLORADO GROW COMPANY,965 1/2  Main Avenue,Durango,CO,81301,2016-11-14 01:00:57,2016-11-14 01:00:57
THE KIND CASTLE,248 East First Street,Parachute,CO,81635,2016-11-14 01:00:54,2016-11-14 01:00:54
THE COLORADO CANNABIS CABIN LLC,650 B South 11th Street,Gunnison,CO,81230,2016-11-14 01:00:55,2016-11-14 01:00:55
TERRAPIN CARE STATION,"1 Broadway, Unit A-150",Denver,CO,80203,2016-11-14 01:00:56,2016-11-14 01:00:56
TERRAPIN CARE STATION,1795 Folsom Street,Boulder,CO,80302,2016-11-14 01:00:57,2016-11-14 01:00:57
THE GIVING TREE OF DENVER LLC,2707 West 38th Avenue,Denver,CO,80211,2016-11-14 01:00:58,2016-11-14 01:00:58
THE GOOD SEED,235 Bastille Drive,Pagosa Springs,CO,81147,2016-11-14 01:00:59,2016-11-14 01:00:59
THE GREEN SOLUTION LLC,470 Malley Drive,Northglenn,CO,80233,2016-11-14 01:00:47,2016-11-14 01:00:47
THE GREEN SOLUTION LLC,4400 Grape Street,Denver,CO,80216,2016-11-14 01:00:48,2016-11-14 01:00:48
THE GREEN SOLUTION LLC,2601 West Alameda Avenue,Denver,CO,80219,2016-11-14 01:00:49,2016-11-14 01:00:49
THE GREEN SOLUTION LLC,350 South Potomac Street,Aurora,CO,80012,2016-11-14 01:00:50,2016-11-14 01:00:50
THE GREEN SOLUTION LLC,6020 West 20th Avenue,Edgewater,CO,80214,2016-11-14 01:00:51,2016-11-14 01:00:51
THE GREEN SOLUTION LLC,645 Water Street,Silver Plume,CO,80476,2016-11-14 01:00:52,2016-11-14 01:00:52
THE GREEN SOLUTION LLC,3179 South Peoria Court,Aurora,CO,80014,2016-11-14 01:00:53,2016-11-14 01:00:53
THE GREEN SOLUTION LLC,"1450 Havana Street, Suites C & D",Aurora,CO,80010,2016-11-14 01:00:54,2016-11-14 01:00:54
THE GREEN SOLUTION LLC,14301 East Colfax Avenue,Aurora,CO,80011,2016-11-14 01:00:55,2016-11-14 01:00:55
THE GREEN SOLUTION LLC,6681 Federal Boulevard,Denver,CO,80221,2016-11-14 01:00:56,2016-11-14 01:00:56
THE GREEN SOLUTION LLC,810 North College Avenue,Fort Collins,CO,80524,2016-11-14 01:00:57,2016-11-14 01:00:57
THE GREEN SOLUTION LLC,1423 Santa Fe Trail,Trinidad,CO,81082,2016-11-14 01:00:54,2016-11-14 01:00:54
THE GREEN SOLUTION LLC,409 North Commercial Street,Trinidad,CO,81082,2016-11-14 01:00:55,2016-11-14 01:00:55
THE GROWING KITCHEN,8401 Baseline Road,Boulder,CO,80303,2016-11-14 01:00:56,2016-11-14 01:00:56
THE HERBAL CURE LLC,985 South Logan Street,Denver,CO,80209,2016-11-14 01:00:57,2016-11-14 01:00:57
THE KINE MINE LLC,2818 Colorado Boulevard,Idaho Springs,CO,80452,2016-11-14 01:00:58,2016-11-14 01:00:58
THE MEDICINE MAN LLC,310 East Main Street,Cortez,CO,81321,2016-11-14 01:00:59,2016-11-14 01:00:59
THE ORGANIC SEED LLC,41 North Precision Drive,Pueblo West,CO,81007,2016-11-14 01:00:47,2016-11-14 01:00:47
THE POT SHOP LLC,905 North Main Street #B,Gunnison,CO,81230,2016-11-14 01:00:48,2016-11-14 01:00:48
THREE RIVERS ORGANICS,1714 B Santa Fe Drive,Pueblo,CO,81006,2016-11-14 01:00:49,2016-11-14 01:00:49
TIMBERLINE HERBAL CLINIC AND WELLNESS CENTER LLC,3995 East 50th Avenue,Denver,CO,80216,2016-11-14 01:00:50,2016-11-14 01:00:50
THE GRASS STATION,7200 East Smith Road,Denver,CO,80207,2016-11-14 01:00:51,2016-11-14 01:00:51
ALTITUDE EAST,6858 East Evans Avenue,Denver,CO,80224,2016-11-14 01:00:52,2016-11-14 01:00:52
ALTITUDE AURORA,10455 East Colfax Avenue,Aurora,CO,80010,2016-11-14 01:00:53,2016-11-14 01:00:53
TRI CANNA LLC,411 North Commercial Street,Trinidad,CO,81082,2016-11-14 01:00:54,2016-11-14 01:00:54
TRILL ALTERNATIVES,"1537 Pearl Street, Suite B",Boulder,CO,80302,2016-11-14 01:00:55,2016-11-14 01:00:55
TRINIDAD HARVESTING COMPANY LLC,3601 Freedom Road,Trinidad,CO,81082,2016-11-14 01:00:56,2016-11-14 01:00:56
TRINIDADS HIGHER CALLING U LLC,1000 Independence Road,Trinidad,CO,81082,2016-11-14 01:00:57,2016-11-14 01:00:57
BUDDY BOY,2426 South Federal Boulevard,Denver,CO,80219,2016-11-14 01:00:54,2016-11-14 01:00:54
BUDDY BOY,5050 York Street,Denver,CO,80216,2016-11-14 01:00:55,2016-11-14 01:00:55
BUDDY BOY,3814 Walnut Street,Denver,CO,80216,2016-11-14 01:00:56,2016-11-14 01:00:56
HIGH COUNTRY HEALING,"191 Blue River Parkway, #202",Silverthorne,CO,80498,2016-11-14 01:00:57,2016-11-14 01:00:57
UNIVERSAL HERBS,"755 South Jason Street, Unit 100",Denver,CO,80223,2016-11-14 01:00:58,2016-11-14 01:00:58
UNIVERSAL HERBS,800 Park Avenue West,Denver,CO,80205,2016-11-14 01:00:59,2016-11-14 01:00:59
HEALING HOUSE,2383 South Downing Street,Denver,CO,80210,2016-11-14 01:00:47,2016-11-14 01:00:47
URBAN DISPENSARY,2675 West 38th Avenue,Denver,CO,80211,2016-11-14 01:00:48,2016-11-14 01:00:48
HIGH COUNTRY HEALING 8,"40801 Highway 6, Suite 5",Avon,CO,81620,2016-11-14 01:00:49,2016-11-14 01:00:49
VALLEY MEDS LLC,1805 Sante Fe Drive Unit E,Pueblo,CO,81006,2016-11-14 01:00:50,2016-11-14 01:00:50
VERTICAL,"1240 West Elizabeth Street, Unit C",Fort Collins,CO,80521,2016-11-14 01:00:51,2016-11-14 01:00:51
PARK RANGE RECREATIONALS,"100 West Main Street, Unit A",Oak Creek,CO,80467,2016-11-14 01:00:52,2016-11-14 01:00:52
MR NICE GUYS,4501 Adams Street,Denver,CO,80216,2016-11-14 01:00:53,2016-11-14 01:00:53
WALKING RAVEN II,2001 South Broadway,Denver,CO,80210,2016-11-14 01:00:54,2016-11-14 01:00:54
NORTHERN LIGHTS CANNABIS CO,183 West Alameda Avenue,Denver,CO,80223,2016-11-14 01:00:55,2016-11-14 01:00:55
LUCY SKY DISPENSARY,2215 East Mississippi Avenue,Denver,CO,80210,2016-11-14 01:00:56,2016-11-14 01:00:56
LUCY SKY DISPENSARY,2394 South Broadway,Denver,CO,80210,2016-11-14 01:00:57,2016-11-14 01:00:57
LUCY SKY DISPENSARY,"3480 South Galena Street, Unit B4",Denver,CO,80231,2016-11-14 01:00:54,2016-11-14 01:00:54
GROWHOUSE NORTHGLENN,11919 Washington Street,Northglenn,CO,80233,2016-11-14 01:00:55,2016-11-14 01:00:55
BEMINDFUL,5926 East Colfax Avenue,Denver,CO,80220,2016-11-14 01:00:56,2016-11-14 01:00:56
WELLNESS CENTER OF THE ROCKIES INC,6853 Leetsdale Drive,Denver,CO,80224,2016-11-14 01:00:57,2016-11-14 01:00:57
THE HAVEN,"777 Canosa Court, Suite 102",Denver,CO,80204,2016-11-14 01:00:58,2016-11-14 01:00:58
MAGGIE'S FARM LLC,1400 Santa Fe Drive Suites A & B,Pueblo,CO,81006,2016-11-14 01:00:59,2016-11-14 01:00:59
WHITE PORCH LLC,827 North Main Street,Gunnison,CO,81230,2016-11-14 01:00:47,2016-11-14 01:00:47
BUD FARM,385 North Willow,Mancos,CO,81328,2016-11-14 01:00:48,2016-11-14 01:00:48
WISE CANNABIS CO LLC,21950 Highway 285,Fairplay,CO,80440,2016-11-14 01:00:49,2016-11-14 01:00:49
XG PLATINUM CORPORATION,2506  6th Avenue,Garden City,CO,80631,2016-11-14 01:00:50,2016-11-14 01:00:50
ANTERO JUNCTION,100 West Highway 24,Hartsel,CO,80449,2016-11-14 01:00:51,2016-11-14 01:00:51